-- phpMyAdmin SQL Dump
-- version 5.0.1
-- https://www.phpmyadmin.net/
--
-- Host: 127.0.0.1
-- Generation Time: Jul 03, 2022 at 05:07 PM
-- Server version: 10.4.11-MariaDB
-- PHP Version: 7.4.2

SET SQL_MODE = "NO_AUTO_VALUE_ON_ZERO";
SET AUTOCOMMIT = 0;
START TRANSACTION;
SET time_zone = "+00:00";


/*!40101 SET @OLD_CHARACTER_SET_CLIENT=@@CHARACTER_SET_CLIENT */;
/*!40101 SET @OLD_CHARACTER_SET_RESULTS=@@CHARACTER_SET_RESULTS */;
/*!40101 SET @OLD_COLLATION_CONNECTION=@@COLLATION_CONNECTION */;
/*!40101 SET NAMES utf8mb4 */;

--
-- Database: `fx_db`
--

-- --------------------------------------------------------

--
-- Table structure for table `admin`
--

CREATE TABLE `admin` (
  `id` int(11) NOT NULL,
  `name` varchar(100) NOT NULL,
  `username` varchar(16) NOT NULL,
  `password` varchar(255) NOT NULL,
  `remember_token` varchar(255) NOT NULL,
  `created_at` varchar(255) NOT NULL,
  `updated_at` varchar(255) NOT NULL
) ENGINE=MyISAM DEFAULT CHARSET=latin1;

--
-- Dumping data for table `admin`
--

INSERT INTO `admin` (`id`, `name`, `username`, `password`, `remember_token`, `created_at`, `updated_at`) VALUES
(1, 'Admin Rahman', 'admin', '$2y$10$pZKAPPp40jNWGOEuWH1MH.HPRq6JvkgxOuLS2CP6ZIiZP0ziaR5uy', '1Y0b6qYYo2QlGsSkrH5xcEEeJDzSLDztS0PXRSc6SrRnUIyxbCHZn0DMuTeY', '', '2022-07-03 15:03:05');

-- --------------------------------------------------------

--
-- Table structure for table `articles`
--

CREATE TABLE `articles` (
  `id` int(10) UNSIGNED NOT NULL,
  `category_id` int(11) NOT NULL,
  `title` varchar(255) COLLATE utf8_unicode_ci NOT NULL,
  `description` text COLLATE utf8_unicode_ci NOT NULL,
  `created_at` timestamp NULL DEFAULT NULL,
  `updated_at` timestamp NULL DEFAULT NULL
) ENGINE=InnoDB DEFAULT CHARSET=utf8 COLLATE=utf8_unicode_ci;

-- --------------------------------------------------------

--
-- Table structure for table `categories`
--

CREATE TABLE `categories` (
  `id` int(10) UNSIGNED NOT NULL,
  `name` varchar(255) COLLATE utf8_unicode_ci NOT NULL,
  `deleted_at` datetime NOT NULL,
  `created_at` timestamp NULL DEFAULT NULL,
  `updated_at` timestamp NULL DEFAULT NULL
) ENGINE=InnoDB DEFAULT CHARSET=utf8 COLLATE=utf8_unicode_ci;

--
-- Dumping data for table `categories`
--

INSERT INTO `categories` (`id`, `name`, `deleted_at`, `created_at`, `updated_at`) VALUES
(2, 'Forex', '2017-03-15 14:49:58', '2017-03-14 13:45:29', '2017-03-15 08:49:58'),
(3, 'Service', '0000-00-00 00:00:00', '2017-03-14 13:45:40', '2017-03-14 13:45:40'),
(4, 'Post', '0000-00-00 00:00:00', '2017-03-14 13:45:49', '2017-03-14 13:45:49');

-- --------------------------------------------------------

--
-- Table structure for table `currencies`
--

CREATE TABLE `currencies` (
  `id` int(10) UNSIGNED NOT NULL,
  `name` varchar(255) COLLATE utf8_unicode_ci NOT NULL,
  `rate` int(11) NOT NULL,
  `deleted_at` datetime NOT NULL,
  `created_at` timestamp NULL DEFAULT NULL,
  `updated_at` timestamp NULL DEFAULT NULL
) ENGINE=InnoDB DEFAULT CHARSET=utf8 COLLATE=utf8_unicode_ci;

--
-- Dumping data for table `currencies`
--

INSERT INTO `currencies` (`id`, `name`, `rate`, `deleted_at`, `created_at`, `updated_at`) VALUES
(1, 'USD', 1, '0000-00-00 00:00:00', '2017-01-09 03:04:54', '2017-01-09 03:04:54'),
(2, 'BDT', 75, '0000-00-00 00:00:00', '2017-01-09 03:05:21', '2017-01-09 03:23:09'),
(4, 'INR', 50, '2017-03-15 14:53:10', '2017-01-09 03:26:43', '2017-03-15 08:53:10');

-- --------------------------------------------------------

--
-- Table structure for table `general_settings`
--

CREATE TABLE `general_settings` (
  `id` int(10) UNSIGNED NOT NULL,
  `title` varchar(255) COLLATE utf8_unicode_ci NOT NULL,
  `logo` varchar(100) COLLATE utf8_unicode_ci NOT NULL,
  `favicon` varchar(100) COLLATE utf8_unicode_ci NOT NULL,
  `color` varchar(30) COLLATE utf8_unicode_ci NOT NULL,
  `address` varchar(255) COLLATE utf8_unicode_ci NOT NULL,
  `email` varchar(255) COLLATE utf8_unicode_ci NOT NULL,
  `paypal_email` varchar(255) COLLATE utf8_unicode_ci NOT NULL,
  `number` varchar(255) COLLATE utf8_unicode_ci NOT NULL,
  `top_text` blob NOT NULL,
  `facebook` varchar(100) COLLATE utf8_unicode_ci NOT NULL,
  `twitter` varchar(100) COLLATE utf8_unicode_ci NOT NULL,
  `linkedin` varchar(100) COLLATE utf8_unicode_ci NOT NULL,
  `google_plus` varchar(100) COLLATE utf8_unicode_ci NOT NULL,
  `youtube` varchar(100) COLLATE utf8_unicode_ci NOT NULL,
  `footer_text` blob NOT NULL,
  `footer_bottom_text` varchar(255) COLLATE utf8_unicode_ci NOT NULL,
  `created_at` timestamp NULL DEFAULT NULL,
  `updated_at` timestamp NULL DEFAULT NULL
) ENGINE=InnoDB DEFAULT CHARSET=utf8 COLLATE=utf8_unicode_ci;

--
-- Dumping data for table `general_settings`
--

INSERT INTO `general_settings` (`id`, `title`, `logo`, `favicon`, `color`, `address`, `email`, `paypal_email`, `number`, `top_text`, `facebook`, `twitter`, `linkedin`, `google_plus`, `youtube`, `footer_text`, `footer_bottom_text`, `created_at`, `updated_at`) VALUES
(1, 'Forex Trading Signal System', 'logo.png', 'favicon.png', '288feb', '11/3 Garden Street, Ring Road, Shyamoli, Dhaka', 'admin@thesoftking.com', 'demo@demo.com', '+88-01716-441700', 0x4c6f72656d20497073756d266e6273703b69732073696d706c792064756d6d792074657874206f6620746865207072696e74696e6720616e64207479706573657474696e6720696e6475737472792e204c6f72656d20497073756d20686173206265656e2074686520696e6475737472792773207374616e646172642064756d6d79207465787420657665722073696e6365207468652031353030732c207768656e20616e20756e6b6e6f776e207072696e74657220746f6f6b20612067616c6c6579206f66207479706520616e6420736372616d626c656420697420746f206d616b65206120747970652073706563696d656e20626f6f6b2e20497420686173266e6273703b, 'http://www.facebook.com/thesoftking', 'http://www.twitter/thesoftking', 'http://linkdin.com/thesoftking', 'http://plus.google.com/thesoftking', 'http://youtube.com/thesoftking', 0x4c6f72656d20497073756d266e6273703b69732073696d706c792064756d6d792074657874206f6620746865207072696e74696e6720616e64207479706573657474696e6720696e6475737472792e204c6f72656d20497073756d20686173206265656e2074686520696e6475737472792773207374616e646172642064756d6d79207465787420657665722073696e6365207468652031353030732c207768656e20616e20756e6b6e6f776e207072696e74657220746f6f6b20612067616c6c6579206f66207479706520616e6420736372616d626c656420697420746f206d616b65206120747970652073706563696d656e20626f6f6b2e20497420686173207375727669766564206e6f74206f6e6c7920666976652063656e7475726965732c2062757420616c736f20746865206c65617020696e746f20656c656374726f6e6963207479706573657474696e672c2072656d61696e696e6720657373656e7469616c6c7920756e6368616e6765642e2049742077617320706f70756c61726973656420696e207468652031393630732077697468207468652072656c65617365206f66204c657472617365742073686565747320636f6e7461696e696e67204c6f72656d20497073756d2070617373616765732c20616e64206d6f726520726563656e746c792077697468206465736b746f70207075626c697368696e6720736f667477617265206c696b6520416c64757320506167654d616b657220696e636c7564696e672076657273696f6e73206f66204c6f72656d20497073756d2e, '© All copyright Reserved', NULL, '2022-07-03 14:00:15');

-- --------------------------------------------------------

--
-- Table structure for table `members`
--

CREATE TABLE `members` (
  `id` int(10) UNSIGNED NOT NULL,
  `fname` varchar(255) COLLATE utf8_unicode_ci NOT NULL,
  `lname` varchar(255) COLLATE utf8_unicode_ci NOT NULL,
  `email` varchar(255) COLLATE utf8_unicode_ci NOT NULL,
  `phone` varchar(255) COLLATE utf8_unicode_ci NOT NULL,
  `username` varchar(255) COLLATE utf8_unicode_ci NOT NULL,
  `password` varchar(255) COLLATE utf8_unicode_ci NOT NULL,
  `service_id` int(11) NOT NULL,
  `code` varchar(100) COLLATE utf8_unicode_ci NOT NULL,
  `status` tinyint(4) NOT NULL,
  `payment_status` int(2) NOT NULL,
  `remember_token` varchar(100) COLLATE utf8_unicode_ci DEFAULT NULL,
  `created_at` timestamp NULL DEFAULT NULL,
  `updated_at` timestamp NULL DEFAULT NULL
) ENGINE=InnoDB DEFAULT CHARSET=utf8 COLLATE=utf8_unicode_ci;

--
-- Dumping data for table `members`
--

INSERT INTO `members` (`id`, `fname`, `lname`, `email`, `phone`, `username`, `password`, `service_id`, `code`, `status`, `payment_status`, `remember_token`, `created_at`, `updated_at`) VALUES
(13, 'Hasan', 'Rahman', 'hasan@gmail.com', '0171619966', 'hasan', '$2y$10$QDM9CsR53UODmQYWpCGK7eR528uMeFIDSGVBFjEZx/rGlc06R95qq', 6, '54058CC3336923A6545', 0, 1, 'wKrfr96sTWuB13vuDqxTN3VRm9gmyZOHBoF9CNZq3nYgX9VBAATjCFEPxGXu', '2017-03-17 13:04:22', '2017-06-28 14:19:27'),
(14, 'Hosen', 'Mahmud', 'hosen@gmail.com', '01716199668', 'hosen', '$2y$10$ogyBZzJOWONl90nO2t1sGOdzmP96Un4.OFah41x6cBJ8OcgTmJ33u', 8, '54258CC337A26A67268', 0, 0, NULL, '2017-03-17 13:05:30', '2017-03-17 13:05:30');

-- --------------------------------------------------------

--
-- Table structure for table `menus`
--

CREATE TABLE `menus` (
  `id` int(10) UNSIGNED NOT NULL,
  `name` varchar(255) COLLATE utf8_unicode_ci NOT NULL,
  `description` blob NOT NULL,
  `created_at` timestamp NULL DEFAULT NULL,
  `updated_at` timestamp NULL DEFAULT NULL
) ENGINE=InnoDB DEFAULT CHARSET=utf8 COLLATE=utf8_unicode_ci;

--
-- Dumping data for table `menus`
--

INSERT INTO `menus` (`id`, `name`, `description`, `created_at`, `updated_at`) VALUES
(1, 'FX Strategy', 0x3c6469763e3c68323e5768617420697320466f7265782073747261746567793f3c2f68323e4c6f72656d20497073756d266e6273703b69732073696d706c792064756d6d792074657874206f6620746865207072696e74696e6720616e64207479706573657474696e6720696e6475737472792e204c6f72656d20497073756d20686173206265656e2074686520696e6475737472792773207374616e646172642064756d6d79207465787420657665722073696e6365207468652031353030732c207768656e20616e20756e6b6e6f776e207072696e74657220746f6f6b20612067616c6c6579206f66207479706520616e6420736372616d626c656420697420746f206d616b65206120747970652073706563696d656e20626f6f6b2e20497420686173207375727669766564206e6f74206f6e6c7920666976652063656e7475726965732c2062757420616c736f20746865206c65617020696e746f20656c656374726f6e6963207479706573657474696e672c2072656d61696e696e6720657373656e7469616c6c7920756e6368616e6765642e2049742077617320706f70756c61726973656420696e207468652031393630732077697468207468652072656c65617365206f66204c657472617365742073686565747320636f6e7461696e696e67204c6f72656d20497073756d2070617373616765732c20616e64206d6f726520726563656e746c792077697468206465736b746f70207075626c697368696e6720736f667477617265206c696b6520416c64757320506167654d616b657220696e636c7564696e672076657273696f6e73206f66204c6f72656d20497073756d2e3c2f6469763e3c6469763e3c68323e57687920646f207765207573652069743f3c2f68323e49742069732061206c6f6e672065737461626c6973686564206661637420746861742061207265616465342077696c6c206265206469737472616374656420627920746865207265616461626c6520636f6e74656e74206f6620612070616765207768656e206c6f6f6b696e6720617420697473206c61796f75742e2054686520706f696e74206f66207573696e67204c6f72656d20497073756d2069732074686174206974206861732061206d6f72652d6f722d6c657373206e6f726d616c20646973747269627574696f6e206f66206c6574746572732c206173206f70706f73656420746f207573696e672027436f6e74656e7420686572652c20636f6e74656e742068657265272c206d616b696e67206974206c6f6f6b206c696b65207265616461626c6520456e676c6973682e204d616e79206465736b746f70207075626c697368696e67207061636b6167657320616e6420776562207061676520656469746f7273206e6f7720757365204c6f72656d20497073756d2061732074686569722064656661756c74206d6f64656c20746578742c20616e6420612073656172636820666f7220276c6f72656d20697073756d272077696c6c20756e636f766572206d616e7920776562207369746573207374696c6c20696e20746865697220696e66616e63792e20566172696f75732076657273696f6e7320686176652065766f6c766564206f766572207468652079656172732c20736f6d6574696d6573206279206163636964656e742c20736f6d6574696d6573206f6e20707572706f73652028696e6a65637465642068756d6f757220616e6420746865206c696b65292e3c2f6469763e3c62723e3c6469763e3c68323e576865726520646f657320697420636f6d652066726f6d3f3c2f68323e436f6e747261727920746f20706f70756c61722062656c6965662c204c6f72656d20497073756d206973206e6f742073696d706c792072616e646f6d20746578742e2049742068617320726f6f747320696e2061207069656365206f6620636c6173736963616c204c6174696e206c6974657261747572652066726f6d2034352042432c206d616b696e67206974206f7665722032303030207965617273206f6c642e2052696368617264204d63436c696e746f636b2c2061204c6174696e2070726f666573736f722061742048616d7064656e2d5379646e657920436f6c6c65676520696e2056697267696e69612c206c6f6f6b6564207570206f6e65206f6620746865206d6f7265206f627363757265204c6174696e20776f7264732c20636f6e73656374657475722c2066726f6d2061204c6f72656d20497073756d20706173736167652c20616e6420676f696e67207468726f75676820746865206369746573206f662074686520776f726420696e20636c6173736963616c206c6974657261747572652c20646973636f76657265642074686520756e646f75627461626c6520736f757263652e204c6f72656d20497073756d20636f6d65732066726f6d2073656374696f6e7320312e31302e333220616e6420312e31302e3333206f66202264652046696e6962757320426f6e6f72756d206574204d616c6f72756d2220285468652045787472656d6573206f6620476f6f6420616e64204576696c292062792043696365726f2c207772697474656e20696e2034352042432e205468697320626f6f6b2069732061207472656174697365206f6e20746865207468656f7279206f66206574686963732c207665727920706f70756c617220647572696e67207468652052656e61697373616e63652e20546865206669727374206c696e65206f66204c6f72656d20497073756d2c20224c6f72656d20697073756d20646f6c6f722073697420616d65742e2e222c20636f6d65732066726f6d2061206c696e6520696e2073656374696f6e20312e31302e33322e546865207374616e64617264206368756e6b206f66204c6f72656d20497073756d20757365642073696e63652074686520313530307320697320726570726f64756365642062656c6f7720666f722074686f736520696e74657265737465642e2053656374696f6e7320312e31302e333220616e6420312e31302e33332066726f6d202264652046696e6962757320426f6e6f72756d206574204d616c6f72756d222062792043696365726f2061726520616c736f20726570726f647563656420696e207468656972206578616374206f726967696e616c20666f726d2c206163636f6d70616e69656420627920456e676c6973682076657273696f6e732066726f6d207468652031393134207472616e736c6174696f6e20627920482e205261636b68616d2e3c2f6469763e, '2017-01-11 08:28:02', '2022-06-30 14:58:24'),
(3, 'Analysis', 0x3c6469763e3c68323e57686174206973204c6f72656d20497073756d3f3c2f68323e4c6f72656d20497073756d266e6273703b69732073696d706c792064756d6d792074657874206f6620746865207072696e74696e6720616e64207479706573657474696e6720696e6475737472792e204c6f72656d20497073756d20686173206265656e2074686520696e6475737472792773207374616e646172642064756d6d79207465787420657665722073696e6365207468652031353030732c207768656e20616e20756e6b6e6f776e207072696e74657220746f6f6b20612067616c6c6579206f66207479706520616e6420736372616d626c656420697420746f206d616b65206120747970652073706563696d656e20626f6f6b2e20497420686173207375727669766564206e6f74206f6e6c7920666976652063656e7475726965732c2062757420616c736f20746865206c65617020696e746f20656c656374726f6e6963207479706573657474696e672c2072656d61696e696e6720657373656e7469616c6c7920756e6368616e6765642e2049742077617320706f70756c61726973656420696e207468652031393630732077697468207468652072656c65617365206f66204c657472617365742073686565747320636f6e7461696e696e67204c6f72656d20497073756d2070617373616765732c20616e64206d6f726520726563656e746c792077697468206465736b746f70207075626c697368696e6720736f667477617265206c696b6520416c64757320506167654d616b657220696e636c7564696e672076657273696f6e73206f66204c6f72656d20497073756d2e3c2f6469763e3c6469763e3c68323e57687920646f207765207573652069743f3c2f68323e49742069732061206c6f6e672065737461626c6973686564206661637420746861742061207265616465722077696c6c206265206469737472616374656420627920746865207265616461626c6520636f6e74656e74206f6620612070616765207768656e206c6f6f6b696e6720617420697473206c61796f75742e2054686520706f696e74206f66207573696e67204c6f72656d20497073756d2069732074686174206974206861732061206d6f72652d6f722d6c657373206e6f726d616c20646973747269627574696f6e206f66206c6574746572732c206173206f70706f73656420746f207573696e672027436f6e74656e7420686572652c20636f6e74656e742068657265272c206d616b696e67206974206c6f6f6b206c696b65207265616461626c6520456e676c6973682e204d616e79206465736b746f70207075626c697368696e67207061636b6167657320616e6420776562207061676520656469746f7273206e6f7720757365204c6f72656d20497073756d2061732074686569722064656661756c74206d6f64656c20746578742c20616e6420612073656172636820666f7220276c6f72656d20697073756d272077696c6c20756e636f766572206d616e7920776562207369746573207374696c6c20696e20746865697220696e66616e63792e20566172696f75732076657273696f6e7320686176652065766f6c766564206f766572207468652079656172732c20736f6d6574696d6573206279206163636964656e742c20736f6d6574696d6573206f6e20707572706f73652028696e6a65637465642068756d6f757220616e6420746865206c696b65292e3c2f6469763e3c62723e3c6469763e3c68323e576865726520646f657320697420636f6d652066726f6d3f3c2f68323e436f6e747261727920746f20706f70756c61722062656c6965662c204c6f72656d20497073756d206973206e6f742073696d706c792072616e646f6d20746578742e2049742068617320726f6f747320696e2061207069656365206f6620636c6173736963616c204c6174696e206c6974657261747572652066726f6d2034352042432c206d616b696e67206974206f7665722032303030207965617273206f6c642e2052696368617264204d63436c696e746f636b2c2061204c6174696e2070726f666573736f722061742048616d7064656e2d5379646e657920436f6c6c65676520696e2056697267696e69612c206c6f6f6b6564207570206f6e65206f6620746865206d6f7265206f627363757265204c6174696e20776f7264732c20636f6e73656374657475722c2066726f6d2061204c6f72656d20497073756d20706173736167652c20616e6420676f696e67207468726f75676820746865206369746573206f662074686520776f726420696e20636c6173736963616c206c6974657261747572652c20646973636f76657265642074686520756e646f75627461626c6520736f757263652e204c6f72656d20497073756d20636f6d65732066726f6d2073656374696f6e7320312e31302e333220616e6420312e31302e3333206f66202264652046696e6962757320426f6e6f72756d206574204d616c6f72756d2220285468652045787472656d6573206f6620476f6f6420616e64204576696c292062792043696365726f2c207772697474656e20696e2034352042432e205468697320626f6f6b2069732061207472656174697365206f6e20746865207468656f7279206f66206574686963732c207665727920706f70756c617220647572696e67207468652052656e61697373616e63652e20546865206669727374206c696e65206f66204c6f72656d20497073756d2c20224c6f72656d20697073756d20646f6c6f722073697420616d65742e2e222c20636f6d65732066726f6d2061206c696e6520696e2073656374696f6e20312e31302e33322e546865207374616e64617264206368756e6b206f66204c6f72656d20497073756d20757365642073696e63652074686520313530307320697320726570726f64756365642062656c6f7720666f722074686f736520696e74657265737465642e2053656374696f6e7320312e31302e333220616e6420312e31302e33332066726f6d202264652046696e6962757320426f6e6f72756d206574204d616c6f72756d222062792043696365726f2061726520616c736f20726570726f647563656420696e207468656972206578616374206f726967696e616c20666f726d2c206163636f6d70616e69656420627920456e676c6973682076657273696f6e732066726f6d207468652031393134207472616e736c6174696f6e20627920482e205261636b68616d2e3c2f6469763e, '2017-01-11 09:04:39', '2022-06-30 14:58:55');

-- --------------------------------------------------------

--
-- Table structure for table `migrations`
--

CREATE TABLE `migrations` (
  `migration` varchar(255) COLLATE utf8_unicode_ci NOT NULL,
  `batch` int(11) NOT NULL
) ENGINE=InnoDB DEFAULT CHARSET=utf8 COLLATE=utf8_unicode_ci;

--
-- Dumping data for table `migrations`
--

INSERT INTO `migrations` (`migration`, `batch`) VALUES
('2014_10_12_000000_create_users_table', 1),
('2014_10_12_100000_create_password_resets_table', 1),
('2017_03_14_103716_create_signals_table', 1),
('2017_03_14_105745_create_service_signal_table2', 1),
('2017_03_14_194007_create_categories_table', 2),
('2017_03_15_145743_create_articles_table', 3),
('2017_03_16_172058_create_testimonials_table', 4),
('2017_03_17_090542_create_members_table', 5),
('2017_03_17_182451_create_payments_table', 6),
('2017_06_28_192902_create_password_submits_table', 7),
('2017_06_28_203203_create_payment_methods_table', 8),
('2017_07_04_142612_create_payment_logs_table', 9);

-- --------------------------------------------------------

--
-- Table structure for table `password_resets`
--

CREATE TABLE `password_resets` (
  `email` varchar(255) COLLATE utf8_unicode_ci NOT NULL,
  `token` varchar(255) COLLATE utf8_unicode_ci NOT NULL,
  `created_at` timestamp NOT NULL DEFAULT current_timestamp() ON UPDATE current_timestamp()
) ENGINE=InnoDB DEFAULT CHARSET=utf8 COLLATE=utf8_unicode_ci;

--
-- Dumping data for table `password_resets`
--

INSERT INTO `password_resets` (`email`, `token`, `created_at`) VALUES
('hasan@gmail.com', 'tNQKS9SqVqJpqnLLe46qulDeIVxAPHPnFugBl9ruL1jCq5Dljwf2VOVIeVKZ', '2017-06-28 19:26:13');

-- --------------------------------------------------------

--
-- Table structure for table `password_submits`
--

CREATE TABLE `password_submits` (
  `id` int(10) UNSIGNED NOT NULL,
  `email` varchar(255) COLLATE utf8_unicode_ci NOT NULL,
  `token` varchar(255) COLLATE utf8_unicode_ci NOT NULL,
  `status` tinyint(4) NOT NULL,
  `created_at` timestamp NULL DEFAULT NULL,
  `updated_at` timestamp NULL DEFAULT NULL
) ENGINE=InnoDB DEFAULT CHARSET=utf8 COLLATE=utf8_unicode_ci;

--
-- Dumping data for table `password_submits`
--

INSERT INTO `password_submits` (`id`, `email`, `token`, `status`, `created_at`, `updated_at`) VALUES
(7, 'hasan@gmail.com', '4j6rDlQ57zGA4wi9sYgMx8N2C8clYe4CpaLstsLJldFFi0ka2dPzy5kuUwZJ', 0, '2017-06-28 14:20:37', '2017-06-28 14:20:37'),
(8, 'hasan@gmail.com', 'jmZa7jFf7hnoBaHFitiWsV5SbXP9HH93OMqWBL6LVrq1pqKhH92yo4j1NRV1', 0, '2017-06-28 14:21:28', '2017-06-28 14:21:28'),
(9, 'hasan@gmail.com', 'hHpINRfNwKpWQfMNAqNijFtJLSA7GbhDby4LLVRL7QXW3wKVvKX98Drw9zWT', 0, '2017-07-04 02:52:10', '2017-07-04 02:52:10'),
(11, 'hellomrhasan@gmail.com', 'jNNSCx5yWOcPjPkWSQuLvk4P4pXW3PLeqPwU9VLrvvedS0WkgjQvq28pXFrc', 0, '2017-07-05 00:09:38', '2017-07-05 00:09:38'),
(12, 'hellomrhasan@gmail.com', '3jiYsuPrd34oTRgZQM7hr6zD02sjFJeGqJ1p07IbpyvwBfen5MWSnPYWe2yh', 0, '2017-07-05 00:11:22', '2017-07-05 00:11:22'),
(13, 'hellomrhasan@gmail.com', 'thvs5kPqPDpYm3tw5nKTansCTq6gwtr6qjyR2i14ql4Uhk7VJGRKOUKXCoAz', 0, '2017-07-05 00:12:05', '2017-07-05 00:12:05'),
(14, 'hellomrhasan@gmail.com', 'vcHlReDJRHirY6bczOQN4LvBzDEgpAz0odE8FfMqJ7neXdhc8nLbbTv4zT4p', 0, '2017-07-05 00:13:51', '2017-07-05 00:13:51');

-- --------------------------------------------------------

--
-- Table structure for table `payments`
--

CREATE TABLE `payments` (
  `id` int(10) UNSIGNED NOT NULL,
  `member_id` int(11) NOT NULL,
  `start_date` varchar(255) COLLATE utf8_unicode_ci NOT NULL,
  `expiry_date` varchar(255) COLLATE utf8_unicode_ci NOT NULL,
  `status` tinyint(4) NOT NULL,
  `created_at` timestamp NULL DEFAULT NULL,
  `updated_at` timestamp NULL DEFAULT NULL
) ENGINE=InnoDB DEFAULT CHARSET=utf8 COLLATE=utf8_unicode_ci;

--
-- Dumping data for table `payments`
--

INSERT INTO `payments` (`id`, `member_id`, `start_date`, `expiry_date`, `status`, `created_at`, `updated_at`) VALUES
(3, 13, '2017-03-17 00:00:00', '2017-04-17 00:00:00', 1, '2017-03-17 13:04:22', '2017-04-17 14:36:56'),
(4, 14, '2017-03-17 00:00:00', '2017-04-17 00:00:00', 0, '2017-03-17 13:05:30', '2017-03-17 13:05:30'),
(5, 15, '2017-03-16 00:00:00', '2017-04-17 00:00:00', 0, '2017-03-17 13:06:15', '2017-04-17 14:36:57'),
(6, 16, '2017-03-17 00:00:00', '2017-04-17 00:00:00', 0, '2017-03-17 13:07:13', '2017-03-17 13:07:13'),
(7, 19, '2017-07-04 00:00:00', '2017-08-04 00:00:00', 1, '2017-07-04 11:17:26', '2017-07-04 11:17:26'),
(8, 19, '2017-07-04 00:00:00', '2017-08-04 00:00:00', 1, '2017-07-04 11:18:00', '2017-07-04 11:18:00');

-- --------------------------------------------------------

--
-- Table structure for table `payment_logs`
--

CREATE TABLE `payment_logs` (
  `id` int(10) UNSIGNED NOT NULL,
  `member_id` varchar(255) COLLATE utf8_unicode_ci NOT NULL,
  `custom` varchar(255) COLLATE utf8_unicode_ci NOT NULL,
  `amount` varchar(255) COLLATE utf8_unicode_ci NOT NULL,
  `btc_amo` varchar(100) COLLATE utf8_unicode_ci DEFAULT NULL,
  `btc_acc` varchar(255) COLLATE utf8_unicode_ci DEFAULT NULL,
  `created_at` timestamp NULL DEFAULT NULL,
  `updated_at` timestamp NULL DEFAULT NULL
) ENGINE=InnoDB DEFAULT CHARSET=utf8 COLLATE=utf8_unicode_ci;

--
-- Dumping data for table `payment_logs`
--

INSERT INTO `payment_logs` (`id`, `member_id`, `custom`, `amount`, `btc_amo`, `btc_acc`, `created_at`, `updated_at`) VALUES
(47, '20', 'dBExv9fGJJdLqe2cqAykvrTZ1YVEfkoSn2jOKsEI', '10', NULL, NULL, '2017-07-04 12:26:57', '2017-07-04 12:26:57'),
(48, '19', 'uo2bVXc3Nof0iKoHzqIcJOflxYok6LqXPKHs1goN', '30', NULL, NULL, '2017-07-04 12:29:01', '2017-07-04 12:29:01'),
(49, '21', 'AxKeqGB8MaUnkAfzFWGeeEJmFVc8SRfl0LdkU6ZM', '12', '0.00465358', '1NakPbysez9QPoqvZ8LuymYo6HASs1uWq9', '2017-07-05 00:17:16', '2017-07-05 00:41:30'),
(50, '22', 'JjN0HYNyQOctYIYafmgLXVeI8kxApnEUPAuoXqbd', '8', NULL, NULL, '2017-07-05 12:33:59', '2017-07-05 12:33:59'),
(51, '23', 'aSZIeM2shPyLNjv3hOWehtiPkTlxt2QtAU2wUYPJ', '15', NULL, NULL, '2017-07-05 12:34:00', '2017-07-05 12:34:00'),
(52, '24', 'HpdxT5yUYNrmTWxBtV8GnoAyfUwfmHjRMSbKwBI4', '12', NULL, NULL, '2017-07-05 13:19:17', '2017-07-05 13:19:17');

-- --------------------------------------------------------

--
-- Table structure for table `payment_methods`
--

CREATE TABLE `payment_methods` (
  `id` int(10) UNSIGNED NOT NULL,
  `name` varchar(255) COLLATE utf8_unicode_ci NOT NULL,
  `image` varchar(255) COLLATE utf8_unicode_ci NOT NULL,
  `val1` varchar(255) COLLATE utf8_unicode_ci NOT NULL,
  `val2` varchar(255) COLLATE utf8_unicode_ci NOT NULL,
  `status` tinyint(4) NOT NULL,
  `created_at` timestamp NULL DEFAULT NULL,
  `updated_at` timestamp NULL DEFAULT NULL
) ENGINE=InnoDB DEFAULT CHARSET=utf8 COLLATE=utf8_unicode_ci;

--
-- Dumping data for table `payment_methods`
--

INSERT INTO `payment_methods` (`id`, `name`, `image`, `val1`, `val2`, `status`, `created_at`, `updated_at`) VALUES
(1, 'PayPal', '1499169709h3.png', 'alphacodeacademy1@gmail.com', '', 1, NULL, '2022-06-30 14:55:37'),
(2, 'Perfect Money', '1499174088h4.png', 'U5220203', 'reg4e54h1grt1j', 1, NULL, '2017-07-04 07:16:43'),
(3, 'BITCOIN', '1499174130h5.png', 'apikey', 'xpubkey', 1, NULL, '2017-07-05 00:21:17'),
(4, 'CARD', '1499174177h6.png', 'sk_test_aat3tzBCCXXBkS4sxY3M8A1B', 'pk_test_AU3G7doZ1sbdpJLj0NaozPBu', 1, NULL, '2017-07-04 07:16:43');

-- --------------------------------------------------------

--
-- Table structure for table `services`
--

CREATE TABLE `services` (
  `id` int(10) UNSIGNED NOT NULL,
  `name` varchar(255) COLLATE utf8_unicode_ci NOT NULL,
  `price` int(11) NOT NULL,
  `currency_id` int(2) NOT NULL,
  `description1` varchar(255) COLLATE utf8_unicode_ci NOT NULL,
  `description2` varchar(255) COLLATE utf8_unicode_ci NOT NULL,
  `description3` varchar(255) COLLATE utf8_unicode_ci NOT NULL,
  `description4` varchar(255) COLLATE utf8_unicode_ci NOT NULL,
  `description5` varchar(255) COLLATE utf8_unicode_ci NOT NULL,
  `description6` varchar(255) COLLATE utf8_unicode_ci NOT NULL,
  `description7` varchar(255) COLLATE utf8_unicode_ci NOT NULL,
  `description8` varchar(255) COLLATE utf8_unicode_ci NOT NULL,
  `description9` varchar(255) COLLATE utf8_unicode_ci NOT NULL,
  `description10` varchar(255) COLLATE utf8_unicode_ci NOT NULL,
  `created_at` timestamp NULL DEFAULT NULL,
  `updated_at` timestamp NULL DEFAULT NULL
) ENGINE=InnoDB DEFAULT CHARSET=utf8 COLLATE=utf8_unicode_ci;

--
-- Dumping data for table `services`
--

INSERT INTO `services` (`id`, `name`, `price`, `currency_id`, `description1`, `description2`, `description3`, `description4`, `description5`, `description6`, `description7`, `description8`, `description9`, `description10`, `created_at`, `updated_at`) VALUES
(4, 'MEGA', 8, 1, 'Features Details', 'Features Details', 'Features Details', 'Features Details', 'Features Details', 'Features Details', 'Features Details', 'Features Details', 'Features Details', 'Features Details', '2017-02-06 08:19:56', '2017-03-20 03:45:51'),
(5, 'UNLIMITED', 12, 1, 'Features Details', 'Features Details', 'Features Details', 'Features Details', 'Features Details', 'Features Details', 'Features Details', 'Features Details', 'Features Details', 'Features Details', '2017-02-06 08:20:39', '2017-03-20 03:45:20'),
(6, 'Power', 15, 1, 'Features Details', 'Features Details', 'Features Details', 'Features Details', 'Features Details', 'Features Details', 'Features Details', 'Features Details', 'Features Details', 'Features Details', '2017-02-06 08:21:35', '2017-03-20 03:44:48'),
(8, 'Super Plan', 20, 1, 'Features Details', 'Features Details', 'Features Details', 'Features Details', 'Features Details', 'Features Details', 'Features Details', 'Features Details', 'Features Details', 'Features Details', '2017-02-06 08:23:06', '2017-03-20 03:43:02'),
(9, 'Basic Plan', 10, 1, 'Features Details', 'Features Details', 'Features Details', 'Features Details', 'Features Details', 'Features Details', 'Features Details', 'Features Details', 'Features Details', 'Features Details', '2017-02-06 08:23:51', '2017-03-20 03:41:57');

-- --------------------------------------------------------

--
-- Table structure for table `service_signal`
--

CREATE TABLE `service_signal` (
  `id` int(10) UNSIGNED NOT NULL,
  `service_id` int(10) UNSIGNED NOT NULL,
  `signal_id` int(10) UNSIGNED NOT NULL,
  `created_at` timestamp NULL DEFAULT NULL,
  `updated_at` timestamp NULL DEFAULT NULL
) ENGINE=InnoDB DEFAULT CHARSET=utf8 COLLATE=utf8_unicode_ci;

--
-- Dumping data for table `service_signal`
--

INSERT INTO `service_signal` (`id`, `service_id`, `signal_id`, `created_at`, `updated_at`) VALUES
(56, 4, 9, NULL, NULL),
(57, 5, 9, NULL, NULL),
(58, 6, 9, NULL, NULL),
(60, 8, 9, NULL, NULL),
(61, 9, 9, NULL, NULL),
(73, 4, 11, NULL, NULL),
(74, 5, 11, NULL, NULL),
(75, 6, 11, NULL, NULL),
(77, 8, 11, NULL, NULL),
(78, 9, 11, NULL, NULL),
(82, 4, 12, NULL, NULL),
(83, 5, 12, NULL, NULL),
(84, 6, 12, NULL, NULL),
(86, 8, 12, NULL, NULL),
(87, 9, 12, NULL, NULL),
(91, 4, 13, NULL, NULL),
(92, 5, 13, NULL, NULL),
(93, 6, 13, NULL, NULL),
(95, 8, 13, NULL, NULL),
(96, 9, 13, NULL, NULL),
(100, 4, 14, NULL, NULL),
(101, 5, 14, NULL, NULL),
(102, 6, 14, NULL, NULL),
(104, 8, 14, NULL, NULL),
(105, 9, 14, NULL, NULL),
(109, 4, 15, NULL, NULL),
(110, 5, 15, NULL, NULL),
(111, 6, 15, NULL, NULL),
(113, 8, 15, NULL, NULL),
(114, 9, 15, NULL, NULL),
(118, 4, 16, NULL, NULL),
(119, 5, 16, NULL, NULL),
(120, 6, 16, NULL, NULL),
(122, 8, 16, NULL, NULL),
(123, 9, 16, NULL, NULL),
(127, 4, 17, NULL, NULL),
(128, 5, 17, NULL, NULL),
(129, 6, 17, NULL, NULL),
(131, 8, 17, NULL, NULL),
(132, 9, 17, NULL, NULL),
(133, 4, 18, NULL, NULL),
(134, 5, 18, NULL, NULL),
(135, 6, 18, NULL, NULL),
(137, 8, 18, NULL, NULL),
(138, 9, 18, NULL, NULL);

-- --------------------------------------------------------

--
-- Table structure for table `signals`
--

CREATE TABLE `signals` (
  `id` int(10) UNSIGNED NOT NULL,
  `title` varchar(255) COLLATE utf8_unicode_ci NOT NULL,
  `description` blob NOT NULL,
  `created_date` varchar(255) COLLATE utf8_unicode_ci NOT NULL,
  `created_at` timestamp NULL DEFAULT NULL,
  `updated_at` timestamp NULL DEFAULT NULL
) ENGINE=InnoDB DEFAULT CHARSET=utf8 COLLATE=utf8_unicode_ci;

--
-- Dumping data for table `signals`
--

INSERT INTO `signals` (`id`, `title`, `description`, `created_date`, `created_at`, `updated_at`) VALUES
(9, 'Where does it come from?', 0x3c6469763e3c62723e3c2f6469763e3c6469763e3c68323e576865726520646f657320697420636f6d652066726f6d3f3c2f68323e436f6e747261727920746f20706f70756c61722062656c6965662c204c6f72656d20497073756d206973206e6f742073696d706c792072616e646f6d20746578742e2049742068617320726f6f747320696e2061207069656365206f6620636c6173736963616c204c6174696e206c6974657261747572652066726f6d2034352042432c206d616b696e67206974206f7665722032303030207965617273206f6c642e2052696368617264204d63436c696e746f636b2c2061204c6174696e2070726f666573736f722061742048616d7064656e2d5379646e657920436f6c6c65676520696e2056697267696e69612c206c6f6f6b6564207570206f6e65206f6620746865206d6f7265206f627363757265204c6174696e20776f7264732c20636f6e73656374657475722c2066726f6d2061204c6f72656d20497073756d20706173736167652c20616e6420676f696e67207468726f75676820746865206369746573206f662074686520776f726420696e20636c6173736963616c206c6974657261747572652c20646973636f76657265642074686520756e646f75627461626c6520736f757263652e204c6f72656d20497073756d20636f6d65732066726f6d2073656374696f6e7320312e31302e333220616e6420312e31302e3333206f66202264652046696e6962757320426f6e6f72756d206574204d616c6f72756d2220285468652045787472656d6573206f6620476f6f6420616e64204576696c292062792043696365726f2c207772697474656e20696e2034352042432e205468697320626f6f6b2069732061207472656174697365206f6e20746865207468656f7279206f66206574686963732c207665727920706f70756c617220647572696e67207468652052656e61697373616e63652e20546865206669727374206c696e65206f66204c6f72656d20497073756d2c20224c6f72656d20697073756d20646f6c6f722073697420616d65742e2e222c20636f6d65732066726f6d2061206c696e6520696e2073656374696f6e20312e31302e33322e3c7370616e3e546865207374616e64617264206368756e6b206f66204c6f72656d20497073756d20757365642073696e63652074686520313530307320697320726570726f64756365642062656c6f7720666f722074686f736520696e74657265737465642e2053656374696f6e7320312e31302e333220616e6420312e31302e33332066726f6d202264652046696e6962757320426f6e6f72756d206574204d616c6f72756d222062792043696365726f2061726520616c736f20726570726f647563656420696e207468656972206578616374206f726967696e616c20666f726d2c206163636f6d70616e69656420627920456e676c6973682076657273696f6e732066726f6d207468652031393134207472616e736c6174696f6e20627920482e205261636b68616d2e3c2f7370616e3e3c2f6469763e, '2017-03-17', '2017-03-17 10:59:39', '2017-03-17 10:59:39'),
(11, 'Where does it come from?', 0x3c6469763e3c62723e3c2f6469763e3c6469763e3c68323e576865726520646f657320697420636f6d652066726f6d3f3c2f68323e436f6e747261727920746f20706f70756c61722062656c6965662c204c6f72656d20497073756d206973206e6f742073696d706c792072616e646f6d20746578742e2049742068617320726f6f747320696e2061207069656365206f6620636c6173736963616c204c6174696e206c6974657261747572652066726f6d2034352042432c206d616b696e67206974206f7665722032303030207965617273206f6c642e2052696368617264204d63436c696e746f636b2c2061204c6174696e2070726f666573736f722061742048616d7064656e2d5379646e657920436f6c6c65676520696e2056697267696e69612c206c6f6f6b6564207570206f6e65206f6620746865206d6f7265206f627363757265204c6174696e20776f7264732c20636f6e73656374657475722c2066726f6d2061204c6f72656d20497073756d20706173736167652c20616e6420676f696e67207468726f75676820746865206369746573206f662074686520776f726420696e20636c6173736963616c206c6974657261747572652c20646973636f76657265642074686520756e646f75627461626c6520736f757263652e204c6f72656d20497073756d20636f6d65732066726f6d2073656374696f6e7320312e31302e333220616e6420312e31302e3333206f66202264652046696e6962757320426f6e6f72756d206574204d616c6f72756d2220285468652045787472656d6573206f6620476f6f6420616e64204576696c292062792043696365726f2c207772697474656e20696e2034352042432e205468697320626f6f6b2069732061207472656174697365206f6e20746865207468656f7279206f66206574686963732c207665727920706f70756c617220647572696e67207468652052656e61697373616e63652e20546865206669727374206c696e65206f66204c6f72656d20497073756d2c20224c6f72656d20697073756d20646f6c6f722073697420616d65742e2e222c20636f6d65732066726f6d2061206c696e6520696e2073656374696f6e20312e31302e33322e3c7370616e3e546865207374616e64617264206368756e6b206f66204c6f72656d20497073756d20757365642073696e63652074686520313530307320697320726570726f64756365642062656c6f7720666f722074686f736520696e74657265737465642e2053656374696f6e7320312e31302e333220616e6420312e31302e33332066726f6d202264652046696e6962757320426f6e6f72756d206574204d616c6f72756d222062792043696365726f2061726520616c736f20726570726f647563656420696e207468656972206578616374206f726967696e616c20666f726d2c206163636f6d70616e69656420627920456e676c6973682076657273696f6e732066726f6d207468652031393134207472616e736c6174696f6e20627920482e205261636b68616d2e3c2f7370616e3e3c2f6469763e, '2017-03-17', '2017-03-17 11:04:36', '2017-03-17 11:04:36'),
(12, 'Where does it come from?', 0x436f6e747261727920746f20706f70756c61722062656c6965662c204c6f72656d20497073756d206973206e6f742073696d706c792072616e646f6d20746578742e2049742068617320726f6f747320696e2061207069656365206f6620636c6173736963616c204c6174696e206c6974657261747572652066726f6d2034352042432c206d616b696e67206974206f7665722032303030207965617273206f6c642e2052696368617264204d63436c696e746f636b2c2061204c6174696e2070726f666573736f722061742048616d7064656e2d5379646e657920436f6c6c65676520696e2056697267696e69612c206c6f6f6b6564207570206f6e65206f6620746865206d6f7265206f627363757265204c6174696e20776f7264732c20636f6e73656374657475722c2066726f6d2061204c6f72656d20497073756d20706173736167652c20616e6420676f696e67207468726f75676820746865206369746573206f662074686520776f726420696e20636c6173736963616c206c6974657261747572652c20646973636f76657265642074686520756e646f75627461626c6520736f757263652e204c6f72656d20497073756d20636f6d65732066726f6d2073656374696f6e7320312e31302e333220616e6420312e31302e3333206f66202264652046696e6962757320426f6e6f72756d206574204d616c6f72756d2220285468652045787472656d6573206f6620476f6f6420616e64204576696c292062792043696365726f2c207772697474656e20696e2034352042432e205468697320626f6f6b2069732061207472656174697365206f6e20746865207468656f7279206f66206574686963732c207665727920706f70756c617220647572696e67207468652052656e61697373616e63652e20546865206669727374206c696e65206f66204c6f72656d20497073756d2c20224c6f72656d20697073756d20646f6c6f722073697420616d65742e2e222c20636f6d65732066726f6d2061206c696e6520696e2073656374696f6e20312e31302e33322e3c7370616e3e546865207374616e64617264206368756e6b206f66204c6f72656d20497073756d20757365642073696e63652074686520313530307320697320726570726f64756365642062656c6f7720666f722074686f736520696e74657265737465642e2053656374696f6e7320312e31302e333220616e6420312e31302e33332066726f6d202264652046696e6962757320426f6e6f72756d206574204d616c6f72756d222062792043696365726f2061726520616c736f20726570726f647563656420696e207468656972206578616374206f726967696e616c20666f726d2c206163636f6d70616e69656420627920456e676c6973682076657273696f6e732066726f6d207468652031393134207472616e736c6174696f6e20627920482e205261636b68616d2e3c2f7370616e3e, '2017-03-17', '2017-03-17 11:23:58', '2017-03-17 11:23:58'),
(13, 'Where does it come from?', 0x436f6e747261727920746f20706f70756c61722062656c6965662c204c6f72656d20497073756d206973206e6f742073696d706c792072616e646f6d20746578742e2049742068617320726f6f747320696e2061207069656365206f6620636c6173736963616c204c6174696e206c6974657261747572652066726f6d2034352042432c206d616b696e67206974206f7665722032303030207965617273206f6c642e2052696368617264204d63436c696e746f636b2c2061204c6174696e2070726f666573736f722061742048616d7064656e2d5379646e657920436f6c6c65676520696e2056697267696e69612c206c6f6f6b6564207570206f6e65206f6620746865206d6f7265206f627363757265204c6174696e20776f7264732c20636f6e73656374657475722c2066726f6d2061204c6f72656d20497073756d20706173736167652c20616e6420676f696e67207468726f75676820746865206369746573206f662074686520776f726420696e20636c6173736963616c206c6974657261747572652c20646973636f76657265642074686520756e646f75627461626c6520736f757263652e204c6f72656d20497073756d20636f6d65732066726f6d2073656374696f6e7320312e31302e333220616e6420312e31302e3333206f66202264652046696e6962757320426f6e6f72756d206574204d616c6f72756d2220285468652045787472656d6573206f6620476f6f6420616e64204576696c292062792043696365726f2c207772697474656e20696e2034352042432e205468697320626f6f6b2069732061207472656174697365206f6e20746865207468656f7279206f66206574686963732c207665727920706f70756c617220647572696e67207468652052656e61697373616e63652e20546865206669727374206c696e65206f66204c6f72656d20497073756d2c20224c6f72656d20697073756d20646f6c6f722073697420616d65742e2e222c20636f6d65732066726f6d2061206c696e6520696e2073656374696f6e20312e31302e33322e3c7370616e3e546865207374616e64617264206368756e6b206f66204c6f72656d20497073756d20757365642073696e63652074686520313530307320697320726570726f64756365642062656c6f7720666f722074686f736520696e74657265737465642e2053656374696f6e7320312e31302e333220616e6420312e31302e33332066726f6d202264652046696e6962757320426f6e6f72756d206574204d616c6f72756d222062792043696365726f2061726520616c736f20726570726f647563656420696e207468656972206578616374206f726967696e616c20666f726d2c206163636f6d70616e69656420627920456e676c6973682076657273696f6e732066726f6d207468652031393134207472616e736c6174696f6e20627920482e205261636b68616d2e3c2f7370616e3e, '2017-03-17', '2017-03-17 11:24:29', '2017-03-17 11:24:29'),
(14, 'Best Currier Service', 0x3c6469763e3c62723e3c2f6469763e3c6469763e3c68323e576865726520646f657320697420636f6d652066726f6d3f3c2f68323e436f6e747261727920746f20706f70756c61722062656c6965662c204c6f72656d20497073756d206973206e6f742073696d706c792072616e646f6d20746578742e2049742068617320726f6f747320696e2061207069656365206f6620636c6173736963616c204c6174696e206c6974657261747572652066726f6d2034352042432c206d616b696e67206974206f7665722032303030207965617273206f6c642e2052696368617264204d63436c696e746f636b2c2061204c6174696e2070726f666573736f722061742048616d7064656e2d5379646e657920436f6c6c65676520696e2056697267696e69612c206c6f6f6b6564207570206f6e65206f6620746865206d6f7265206f627363757265204c6174696e20776f7264732c20636f6e73656374657475722c2066726f6d2061204c6f72656d20497073756d20706173736167652c20616e6420676f696e67207468726f75676820746865206369746573206f662074686520776f726420696e20636c6173736963616c206c6974657261747572652c20646973636f76657265642074686520756e646f75627461626c6520736f757263652e204c6f72656d20497073756d20636f6d65732066726f6d2073656374696f6e7320312e31302e333220616e6420312e31302e3333206f66202264652046696e6962757320426f6e6f72756d206574204d616c6f72756d2220285468652045787472656d6573206f6620476f6f6420616e64204576696c292062792043696365726f2c207772697474656e20696e2034352042432e205468697320626f6f6b2069732061207472656174697365206f6e20746865207468656f7279206f66206574686963732c207665727920706f70756c617220647572696e67207468652052656e61697373616e63652e20546865206669727374206c696e65206f66204c6f72656d20497073756d2c20224c6f72656d20697073756d20646f6c6f722073697420616d65742e2e222c20636f6d65732066726f6d2061206c696e6520696e2073656374696f6e20312e31302e33322e3c7370616e3e546865207374616e64617264206368756e6b206f66204c6f72656d20497073756d20757365642073696e63652074686520313530307320697320726570726f64756365642062656c6f7720666f722074686f736520696e74657265737465642e2053656374696f6e7320312e31302e333220616e6420312e31302e33332066726f6d202264652046696e6962757320426f6e6f72756d206574204d616c6f72756d222062792043696365726f2061726520616c736f20726570726f647563656420696e207468656972206578616374206f726967696e616c20666f726d2c206163636f6d70616e69656420627920456e676c6973682076657273696f6e732066726f6d207468652031393134207472616e736c6174696f6e20627920482e205261636b68616d2e3c2f7370616e3e3c2f6469763e, '2017-03-17', '2017-03-17 11:44:49', '2017-03-17 11:44:49'),
(15, 'Softking Online Survey1', 0x3c6469763e3c62723e3c2f6469763e3c6469763e3c68323e576865726520646f657320697420636f6d652066726f6d3f3c2f68323e436f6e747261727920746f20706f70756c61722062656c6965662c204c6f72656d20497073756d206973206e6f742073696d706c792072616e646f6d20746578742e2049742068617320726f6f747320696e2061207069656365206f6620636c6173736963616c204c6174696e206c6974657261747572652066726f6d2034352042432c206d616b696e67206974206f7665722032303030207965617273206f6c642e2052696368617264204d63436c696e746f636b2c2061204c6174696e2070726f666573736f722061742048616d7064656e2d5379646e657920436f6c6c65676520696e2056697267696e69612c206c6f6f6b6564207570206f6e65206f6620746865206d6f7265206f627363757265204c6174696e20776f7264732c20636f6e73656374657475722c2066726f6d2061204c6f72656d20497073756d20706173736167652c20616e6420676f696e67207468726f75676820746865206369746573206f662074686520776f726420696e20636c6173736963616c206c6974657261747572652c20646973636f76657265642074686520756e646f75627461626c6520736f757263652e204c6f72656d20497073756d20636f6d65732066726f6d2073656374696f6e7320312e31302e333220616e6420312e31302e3333206f66202264652046696e6962757320426f6e6f72756d206574204d616c6f72756d2220285468652045787472656d6573206f6620476f6f6420616e64204576696c292062792043696365726f2c207772697474656e20696e2034352042432e205468697320626f6f6b2069732061207472656174697365206f6e20746865207468656f7279206f66206574686963732c207665727920706f70756c617220647572696e67207468652052656e61697373616e63652e20546865206669727374206c696e65206f66204c6f72656d20497073756d2c20224c6f72656d20697073756d20646f6c6f722073697420616d65742e2e222c20636f6d65732066726f6d2061206c696e6520696e2073656374696f6e20312e31302e33322e3c7370616e3e546865207374616e64617264206368756e6b206f66204c6f72656d20497073756d20757365642073696e63652074686520313530307320697320726570726f64756365642062656c6f7720666f722074686f736520696e74657265737465642e2053656374696f6e7320312e31302e333220616e6420312e31302e33332066726f6d202264652046696e6962757320426f6e6f72756d206574204d616c6f72756d222062792043696365726f2061726520616c736f20726570726f647563656420696e207468656972206578616374206f726967696e616c20666f726d2c206163636f6d70616e69656420627920456e676c6973682076657273696f6e732066726f6d207468652031393134207472616e736c6174696f6e20627920482e205261636b68616d2e3c2f7370616e3e3c2f6469763e, '2017-03-17', '2017-03-17 11:47:12', '2017-03-17 11:47:12'),
(16, 'Softking Online Survey1', 0x3c6469763e3c62723e3c2f6469763e3c6469763e3c68323e576865726520646f657320697420636f6d652066726f6d3f3c2f68323e436f6e747261727920746f20706f70756c61722062656c6965662c204c6f72656d20497073756d206973206e6f742073696d706c792072616e646f6d20746578742e2049742068617320726f6f747320696e2061207069656365206f6620636c6173736963616c204c6174696e206c6974657261747572652066726f6d2034352042432c206d616b696e67206974206f7665722032303030207965617273206f6c642e2052696368617264204d63436c696e746f636b2c2061204c6174696e2070726f666573736f722061742048616d7064656e2d5379646e657920436f6c6c65676520696e2056697267696e69612c206c6f6f6b6564207570206f6e65206f6620746865206d6f7265206f627363757265204c6174696e20776f7264732c20636f6e73656374657475722c2066726f6d2061204c6f72656d20497073756d20706173736167652c20616e6420676f696e67207468726f75676820746865206369746573206f662074686520776f726420696e20636c6173736963616c206c6974657261747572652c20646973636f76657265642074686520756e646f75627461626c6520736f757263652e204c6f72656d20497073756d20636f6d65732066726f6d2073656374696f6e7320312e31302e333220616e6420312e31302e3333206f66202264652046696e6962757320426f6e6f72756d206574204d616c6f72756d2220285468652045787472656d6573206f6620476f6f6420616e64204576696c292062792043696365726f2c207772697474656e20696e2034352042432e205468697320626f6f6b2069732061207472656174697365206f6e20746865207468656f7279206f66206574686963732c207665727920706f70756c617220647572696e67207468652052656e61697373616e63652e20546865206669727374206c696e65206f66204c6f72656d20497073756d2c20224c6f72656d20697073756d20646f6c6f722073697420616d65742e2e222c20636f6d65732066726f6d2061206c696e6520696e2073656374696f6e20312e31302e33322e546865207374616e64617264206368756e6b206f66204c6f72656d20497073756d20757365642073696e63652074686520313530307320697320726570726f64756365642062656c6f7720666f722074686f736520696e74657265737465642e2053656374696f6e7320312e31302e333220616e6420312e31302e33332066726f6d202264652046696e6962757320426f6e6f72756d206574204d616c6f72756d222062792043696365726f2061726520616c736f20726570726f647563656420696e207468656972206578616374206f726967696e616c20666f726d2c206163636f6d70616e69656420627920456e676c6973682076657273696f6e732066726f6d207468652031393134207472616e736c6174696f6e20627920482e205261636b68616d2e3c2f6469763e, '2017-03-17', '2017-03-17 11:50:32', '2017-03-17 11:50:32'),
(17, 'Many desktop publishing packages and web page editors', 0x3c68323e57687920646f207765207573652069743f3c2f68323e3c7370616e3e49742069732061206c6f6e672065737461626c6973686564206661637420746861742061207265616465722077696c6c206265206469737472616374656420627920746865207265616461626c6520636f6e74656e74206f6620612070616765207768656e206c6f6f6b696e6720617420697473206c61796f75742e2054686520706f696e74206f66207573696e67204c6f72656d20497073756d2069732074686174206974206861732061206d6f72652d6f722d6c657373206e6f726d616c20646973747269627574696f6e206f66206c6574746572732c206173206f70706f73656420746f207573696e672027436f6e74656e7420686572652c20636f6e74656e742068657265272c206d616b696e67206974206c6f6f6b206c696b65207265616461626c6520456e676c6973682e204d616e79206465736b746f70207075626c697368696e67207061636b6167657320616e6420776562207061676520656469746f7273206e6f7720757365204c6f72656d20497073756d2061732074686569722064656661756c74206d6f64656c20746578742c20616e6420612073656172636820666f7220276c6f72656d20697073756d272077696c6c20756e636f766572206d616e7920776562207369746573207374696c6c20696e20746865697220696e66616e63792e20566172696f75732076657273696f6e7320686176652065766f6c766564206f766572207468652079656172732c20736f6d6574696d6573206279206163636964656e742c20736f6d6574696d6573206f6e20707572706f73652028696e6a65637465642068756d6f757220616e6420746865206c696b65292e3c2f7370616e3e, '2017-03-17', '2017-03-17 15:16:21', '2017-03-17 15:16:21'),
(18, 'GPBUSD', 0x3c6469763e736c202d20393839303c2f6469763e3c6469763e7470202d20353637383c2f6469763e3c6469763e4255593c62723e3c2f6469763e, '2022-06-30', '2022-06-30 14:13:12', '2022-06-30 14:13:12');

-- --------------------------------------------------------

--
-- Table structure for table `sliders`
--

CREATE TABLE `sliders` (
  `id` int(10) UNSIGNED NOT NULL,
  `text` varchar(255) COLLATE utf8_unicode_ci NOT NULL,
  `image` varchar(255) COLLATE utf8_unicode_ci NOT NULL,
  `created_at` timestamp NULL DEFAULT NULL,
  `updated_at` timestamp NULL DEFAULT NULL
) ENGINE=InnoDB DEFAULT CHARSET=utf8 COLLATE=utf8_unicode_ci;

--
-- Dumping data for table `sliders`
--

INSERT INTO `sliders` (`id`, `text`, `image`, `created_at`, `updated_at`) VALUES
(18, 'Forex Trading Signal', '1489968825.jpg', '2017-03-20 04:13:45', '2017-03-20 04:13:45'),
(19, 'Forex Trading Signal', '1489968886.jpg', '2017-03-20 04:14:46', '2017-03-20 04:14:46');

-- --------------------------------------------------------

--
-- Table structure for table `testimonials`
--

CREATE TABLE `testimonials` (
  `id` int(10) UNSIGNED NOT NULL,
  `name` varchar(255) COLLATE utf8_unicode_ci NOT NULL,
  `description` text COLLATE utf8_unicode_ci NOT NULL,
  `created_at` timestamp NULL DEFAULT NULL,
  `updated_at` timestamp NULL DEFAULT NULL
) ENGINE=InnoDB DEFAULT CHARSET=utf8 COLLATE=utf8_unicode_ci;

--
-- Dumping data for table `testimonials`
--

INSERT INTO `testimonials` (`id`, `name`, `description`, `created_at`, `updated_at`) VALUES
(2, 'Habiba Himu', 'lorem ipsum dolor sit amet, consectetur adipisicing elit. quos sint voluptatum sit, perspiciatis ipsa, velit possimus dignissimos magni cum illo ab, dolore consectetur asperiores repellat atque', '2017-03-16 11:43:50', '2017-03-16 13:20:30'),
(5, 'Zannatun Naime', 'lorem ipsum dolor sit amet, consectetur adipisicing elit. quos sint voluptatum sit, perspiciatis ipsa, velit possimus dignissimos magni cum illo ab, dolore consectetur asperiores repellat atque', '2017-03-16 11:44:05', '2017-03-16 13:20:55'),
(6, 'Ridoy Candro Modok', 'lorem ipsum dolor sit amet, consectetur adipisicing elit. quos sint voluptatum sit, perspiciatis ipsa, velit possimus dignissimos magni cum illo ab, dolore consectetur asperiores repellat atque', '2017-03-16 11:44:08', '2017-03-16 13:21:06'),
(7, 'Abir Khan', 'lorem ipsum dolor sit amet, consectetur adipisicing elit. quos sint voluptatum sit, perspiciatis ipsa, velit possimus dignissimos magni cum illo ab, dolore consectetur asperiores repellat atque', '2017-03-16 13:21:23', '2017-03-16 13:21:23'),
(8, 'Rex Rifat', 'lorem ipsum dolor sit amet, consectetur adipisicing elit. quos sint voluptatum sit, perspiciatis ipsa, velit possimus dignissimos magni cum illo ab, dolore consectetur asperiores repellat atque', '2017-03-16 13:21:34', '2017-03-16 13:21:34');

-- --------------------------------------------------------

--
-- Table structure for table `users`
--

CREATE TABLE `users` (
  `id` int(10) UNSIGNED NOT NULL,
  `name` varchar(255) COLLATE utf8_unicode_ci NOT NULL,
  `email` varchar(255) COLLATE utf8_unicode_ci NOT NULL,
  `password` varchar(255) COLLATE utf8_unicode_ci NOT NULL,
  `remember_token` varchar(100) COLLATE utf8_unicode_ci DEFAULT NULL,
  `created_at` timestamp NULL DEFAULT NULL,
  `updated_at` timestamp NULL DEFAULT NULL
) ENGINE=InnoDB DEFAULT CHARSET=utf8 COLLATE=utf8_unicode_ci;

--
-- Dumping data for table `users`
--

INSERT INTO `users` (`id`, `name`, `email`, `password`, `remember_token`, `created_at`, `updated_at`) VALUES
(1, 'Hasan Rahman', 'hasan', '$2y$10$QDM9CsR53UODmQYWpCGK7eR528uMeFIDSGVBFjEZx/rGlc06R95qq', NULL, NULL, NULL);

--
-- Indexes for dumped tables
--

--
-- Indexes for table `admin`
--
ALTER TABLE `admin`
  ADD PRIMARY KEY (`id`),
  ADD UNIQUE KEY `username` (`username`);

--
-- Indexes for table `articles`
--
ALTER TABLE `articles`
  ADD PRIMARY KEY (`id`);

--
-- Indexes for table `categories`
--
ALTER TABLE `categories`
  ADD PRIMARY KEY (`id`);

--
-- Indexes for table `currencies`
--
ALTER TABLE `currencies`
  ADD PRIMARY KEY (`id`);

--
-- Indexes for table `general_settings`
--
ALTER TABLE `general_settings`
  ADD PRIMARY KEY (`id`);

--
-- Indexes for table `members`
--
ALTER TABLE `members`
  ADD PRIMARY KEY (`id`);

--
-- Indexes for table `menus`
--
ALTER TABLE `menus`
  ADD PRIMARY KEY (`id`);

--
-- Indexes for table `password_resets`
--
ALTER TABLE `password_resets`
  ADD KEY `password_resets_email_index` (`email`),
  ADD KEY `password_resets_token_index` (`token`);

--
-- Indexes for table `password_submits`
--
ALTER TABLE `password_submits`
  ADD PRIMARY KEY (`id`);

--
-- Indexes for table `payments`
--
ALTER TABLE `payments`
  ADD PRIMARY KEY (`id`);

--
-- Indexes for table `payment_logs`
--
ALTER TABLE `payment_logs`
  ADD PRIMARY KEY (`id`);

--
-- Indexes for table `payment_methods`
--
ALTER TABLE `payment_methods`
  ADD PRIMARY KEY (`id`);

--
-- Indexes for table `services`
--
ALTER TABLE `services`
  ADD PRIMARY KEY (`id`);

--
-- Indexes for table `service_signal`
--
ALTER TABLE `service_signal`
  ADD PRIMARY KEY (`id`),
  ADD KEY `service_signal_service_id_foreign` (`service_id`),
  ADD KEY `service_signal_signal_id_foreign` (`signal_id`);

--
-- Indexes for table `signals`
--
ALTER TABLE `signals`
  ADD PRIMARY KEY (`id`);

--
-- Indexes for table `sliders`
--
ALTER TABLE `sliders`
  ADD PRIMARY KEY (`id`);

--
-- Indexes for table `testimonials`
--
ALTER TABLE `testimonials`
  ADD PRIMARY KEY (`id`);

--
-- Indexes for table `users`
--
ALTER TABLE `users`
  ADD PRIMARY KEY (`id`),
  ADD UNIQUE KEY `users_email_unique` (`email`);

--
-- AUTO_INCREMENT for dumped tables
--

--
-- AUTO_INCREMENT for table `admin`
--
ALTER TABLE `admin`
  MODIFY `id` int(11) NOT NULL AUTO_INCREMENT, AUTO_INCREMENT=2;

--
-- AUTO_INCREMENT for table `articles`
--
ALTER TABLE `articles`
  MODIFY `id` int(10) UNSIGNED NOT NULL AUTO_INCREMENT, AUTO_INCREMENT=7;

--
-- AUTO_INCREMENT for table `categories`
--
ALTER TABLE `categories`
  MODIFY `id` int(10) UNSIGNED NOT NULL AUTO_INCREMENT, AUTO_INCREMENT=5;

--
-- AUTO_INCREMENT for table `currencies`
--
ALTER TABLE `currencies`
  MODIFY `id` int(10) UNSIGNED NOT NULL AUTO_INCREMENT, AUTO_INCREMENT=5;

--
-- AUTO_INCREMENT for table `general_settings`
--
ALTER TABLE `general_settings`
  MODIFY `id` int(10) UNSIGNED NOT NULL AUTO_INCREMENT, AUTO_INCREMENT=2;

--
-- AUTO_INCREMENT for table `members`
--
ALTER TABLE `members`
  MODIFY `id` int(10) UNSIGNED NOT NULL AUTO_INCREMENT, AUTO_INCREMENT=25;

--
-- AUTO_INCREMENT for table `menus`
--
ALTER TABLE `menus`
  MODIFY `id` int(10) UNSIGNED NOT NULL AUTO_INCREMENT, AUTO_INCREMENT=4;

--
-- AUTO_INCREMENT for table `password_submits`
--
ALTER TABLE `password_submits`
  MODIFY `id` int(10) UNSIGNED NOT NULL AUTO_INCREMENT, AUTO_INCREMENT=15;

--
-- AUTO_INCREMENT for table `payments`
--
ALTER TABLE `payments`
  MODIFY `id` int(10) UNSIGNED NOT NULL AUTO_INCREMENT, AUTO_INCREMENT=9;

--
-- AUTO_INCREMENT for table `payment_logs`
--
ALTER TABLE `payment_logs`
  MODIFY `id` int(10) UNSIGNED NOT NULL AUTO_INCREMENT, AUTO_INCREMENT=53;

--
-- AUTO_INCREMENT for table `payment_methods`
--
ALTER TABLE `payment_methods`
  MODIFY `id` int(10) UNSIGNED NOT NULL AUTO_INCREMENT, AUTO_INCREMENT=5;

--
-- AUTO_INCREMENT for table `services`
--
ALTER TABLE `services`
  MODIFY `id` int(10) UNSIGNED NOT NULL AUTO_INCREMENT, AUTO_INCREMENT=10;

--
-- AUTO_INCREMENT for table `service_signal`
--
ALTER TABLE `service_signal`
  MODIFY `id` int(10) UNSIGNED NOT NULL AUTO_INCREMENT, AUTO_INCREMENT=139;

--
-- AUTO_INCREMENT for table `signals`
--
ALTER TABLE `signals`
  MODIFY `id` int(10) UNSIGNED NOT NULL AUTO_INCREMENT, AUTO_INCREMENT=19;

--
-- AUTO_INCREMENT for table `sliders`
--
ALTER TABLE `sliders`
  MODIFY `id` int(10) UNSIGNED NOT NULL AUTO_INCREMENT, AUTO_INCREMENT=21;

--
-- AUTO_INCREMENT for table `testimonials`
--
ALTER TABLE `testimonials`
  MODIFY `id` int(10) UNSIGNED NOT NULL AUTO_INCREMENT, AUTO_INCREMENT=9;

--
-- AUTO_INCREMENT for table `users`
--
ALTER TABLE `users`
  MODIFY `id` int(10) UNSIGNED NOT NULL AUTO_INCREMENT, AUTO_INCREMENT=2;

--
-- Constraints for dumped tables
--

--
-- Constraints for table `service_signal`
--
ALTER TABLE `service_signal`
  ADD CONSTRAINT `service_signal_service_id_foreign` FOREIGN KEY (`service_id`) REFERENCES `services` (`id`),
  ADD CONSTRAINT `service_signal_signal_id_foreign` FOREIGN KEY (`signal_id`) REFERENCES `signals` (`id`);
COMMIT;

/*!40101 SET CHARACTER_SET_CLIENT=@OLD_CHARACTER_SET_CLIENT */;
/*!40101 SET CHARACTER_SET_RESULTS=@OLD_CHARACTER_SET_RESULTS */;
/*!40101 SET COLLATION_CONNECTION=@OLD_COLLATION_CONNECTION */;
